EMPRESA,NIT,MUNICIPIO,BIEN O SERVICIO,SECTOR,CORREO,REPRESENTANTE LEGAL,TELEFONO,DIRECCION
ACIEPALMA S.A.S,901179736-1,QUIBDÓ,"EMPRESA DEDICADA A LA ELABORACIÒN DE JABONES APARTIR DE EL RECICLAJE DE ACEITES DE COACINAS USADO, LO QUE NOS PERMITE REDIUCIR EL IMPACTO AMBIENTAL.",OTROS BIENES Y SERVICIOS VERDES SOSTENIBLES,aciepalma6@gmail.com,FELIX ANDRES MOSUQERA MOSQUERA,"3128253833, 3148061862",Calle 29 cr 9 N 28-78
AFROEMPRENDEDORES Y CONSULTORES CULTURALES S.A.S,900 723 888-0,QUIBDÓ,PRODUCCIÓN Y COMERCIALIZACIÓN DE BEBIDAS ANCESTRALES,NO MADERABLES,jackramach@yahoo.es /jackramach@gmail.com,JACKSON RAMIREZ MACHADO,314 865 80 04,Carrera 10 con calle 30 Barrio El Silencio Al Lado de Profamilia
AGROECOTUR GUADUAS- ASOCIACION AGROPECUARI- ECOLOGICA Y TURISTICA DE GUADUAS EL CARMEN DE ATRATO CHOCÓ,901017059-7,EL CARMEN DE ATRATO,SERVICIOS ECOTURÍSTICOS,ECOTURISMO/TURISMO DE NATURALEZA,marisolsanches2015@gmail.com,ALVARO DE JESUS SANCHEZ,314 729 17 38,Barrio Santa Teresa- carrera 5 número 1-1 El Carmen de Atrato
AGROINDUSTRIA DEL PACIFICO,9007800286,TADÓ,PRODUCCION Y TRANSFORMACION DE CHOCOLATES Y COLORANTES NATURALES APARTIR DEL ACHIOT,"SISTEMAS DE PRODUCCIÓN ECOLÓGICO, ORGÁNICO Y BIOLÓGICO",ettyparra@hotmail.com,ETTY PATRICIA PARRA CHAVERRA,3148655832,Carrera: 15 A No. 28-31
AGROINSUMOS VALOYES,794918592,QUIBDÓ,"PRODUCCION Y TRANSFORMACION DE FRUTOS DE LA REGION (PULPAS DESHIDRATATAS,COLORANTES NATURALES Y SNACK)",OTROS BIENES Y SERVICIOS VERDES SOSTENIBLES,agroinsumosvaloyes1999@gmail.com,HAMINTON BENITO VALOYES HURTADO,3206897409,CARRERA 4 N° 30-61
AGROSERVICIOS E. U,900074699-4,QUIBDÓ,TRANSFORMACIÓN Y COMERCIALIZACIÓN DE FRUTAS Y ESPECIAS DE LA REGIÓN PARA EL SECTOR ALIMENTARIO Y MEDICINAL.,"SISTEMAS DE PRODUCCIÓN ECOLÓGICO, ORGÁNICO Y BIOLÓGICO",moisesmosquera11@gmail.com mmosquera@iiap.org.co,MOISES MOSQUERA BLANDÓN,319 583 29 73,Carrera 9na entre calle 28- 31 segundo piso Barrio el Silencio
ANATÉ DISEÑOS EXCLUSIVOS,26259045-9,QUIBDÓ,EMPRESA DEDICADA AL DISEÑO EXCLUSIVO DE ARTESANIAS EN FIBRAS NATURALES DEL CHOCÓ,NO MADERABLES,anatesiete@gmail.com,ANTAILDE CASTRO URRUTIA,3204980729,Carrera 4- calle 29 al frente de farma Quibdó
ANDRES ALBORNOZ S.A.S,901155056-6,ISTMINA,ELABORACIÓN DE ARTESANIAS EN FIBRAS NATURALES,OTROS BIENES Y SERVICIOS VERDES SOSTENIBLES,albornosfelipe93@gmail.com,ANDRÉS FELIPE MOSQUERA ALBORNOZ,3136223801,Barrio Cubis sector Divino Niño
APLAMEDA,9000763869,BOJAYA,PRODUCCION Y COMERCIALIZACION DE PLATANO,"SISTEMAS DE PRODUCCIÓN ECOLÓGICO, ORGÁNICO Y BIOLÓGICO",aplameda@gmail.com,ELEODORO MACHADO VALENCIA,6723558 - 3146623439,"Carrera. 7 con calle 26 #7-29, oficina 201"
APROCAFA,90002332785,ACANDÍ,PRODUCCION Y COMERCIALIZACION DE CACAO,"SISTEMAS DE PRODUCCIÓN ECOLÓGICO, ORGÁNICO Y BIOLÓGICO",aprocafa.acandi@gmail.com,ROMELIA PARRA GARCÍA,3135297488,"Calle Echeverry, esquina la loma"
AREPAS AL CARBON,26324189,EL CARMEN DE ATRATO,AREPAS,AGROINDUSTRIA SOSENIBLE,No Reporta,MARIA LEONORILDA ARABA,311 817 07 57,Carmen de Atrato -Vereda El Porvenir
ARMATTA,163787972,QUIBDÓ,COMERCIALIZACION DE ARTESANIAS DAMAGUA Y CABECINEGRO,INORGÁNICO,nancylozano38@yahoo.es,JUAN ANDRÉS MORENO LOZANO,3122945362,Carrera 9 # 20-29
ARTESANÍAS CHOIBÁ,26377698,QUIBDÓ,EMPRESA DEDICADA A LA ELABORACIÒN DE ARTESANIAS COMO MUÑECAS EN TELAS RECICLADAS,INORGÁNICO,No Reporta,EDILMA CHAVERRA JIMENEZ,3137994724,Carrera 2 N 26A-40
ARTESANIAS GEMINIS,26256259-4,QUIBDÓ,EMPRESA DEDICADA A LA ELABORACIÒN DE BOLSOS Y CARTERAS EN FIBRAS NATURALES COMO SON LA DAMAGUA Y CABECINEGRO.,OTROS BIENES Y SERVICIOS VERDES SOSTENIBLES,geminisartesanias@hotmail.com,GEMINIS SERVIA AUDIVERTH CAMACHO,3116580513,Carrera 5 N. 26-42
ARTESANÍAS LEO QUIBDÓ,262563933,QUIBDÓ,"ELABORACION Y PRODUCCION DE ARTESANIAS EN FIBRAS DE DAMAGUA Y CABECINEGRO ( BOLSOS , CARTERAS, CUADROS , FLORES",NO MADERABLES,artesaniasleo@hotmail.com,LEONOR PALACIOS RENTERÍA,3206041945,Carrera 8 # 25-46
ASOCIACIÓN AFROUNID@S DEL CHOCÓ-AFROUCH,No Reporta,QUIBDÓ,"LA FUNDACIÓN SE DEDICA A PARTICIPAR EN LOS PROCESOS DE TRANSFORMACIÓNES SOCIALES, CULTURALES, ECONOMICOS, POLITICOS Y AMBIENTALES DEL DEPARTAMENTO DEL CHOCÓ. ADEMAS SE ELABORAN Y SE COMERCIALIZAN BOLSAS ECOLOGICAS Y TUALLITAS ARTESANALES.",NO MADERABLES,jeleco1@hotmail.com,JESUS LEONEL CORDOBA CUESTA,3136210030,Carrera 6° B/ Monserrate
ASOCIACION ARTE Y JOYA Y ASOCIACION ARTE EN DAMAGUA,9002928969,QUIBDÓ,ARTESANIAS EN FIBRAS DE DAMAGUA Y CABECINEGRO BOLSOS,NO MADERABLES,leyova2@hotmail.com,LESLIE JOHANNA VALOYES CUESTA,3116406096,Carreraa 6 N° 27-60 sdo piso
ASOCIACION COMUNITARIA DE CONSERVACION CAGUAMA,No Reporta,BAHÍA SOLANO,CONSERVACION DE TORTUGAS,ECOTURISMO/TURISMO DE NATURALEZA,caguamaasociacion@gmail.com,EBLIN PEREZ CASTILLO,"3146772488 
3128975143","Barrio Centro, corregimiento El Valle"
ASOCIACIÓN DE BOROJOCEROS LA MANO DE DIOS -  AMAADIOS,901 027 687-5,ISTMINA,PRODUCCIÓN Y COMERCIALIZACIÓN DE BOROJÓ,"SISTEMAS DE PRODUCCIÓN ECOLÓGICO, ORGÁNICO Y BIOLÓGICO",juanumata@gmail.com,JESÚS AMADO ASPRILLA,314 616 26 57,Barrio San Agustin- sector Cachacal o Palacio Municipal Carrera 8ta Numero 19-03- Oficina de UMATA
"ASOCIACION DE CONCEJO COMUNITARIO GENERAL LOS RISCALES ""CIRCUITO ALTERNATIVO LA CUMBANCHA""",8180018197,NUQUÍ,TURISMO ECOLOGICO Y DE NATURALEZA,ECOTURISMO/TURISMO DE NATURALEZA,accglosriscalesnuqui@gmail.com,WENCESLADO POTES HURTADO,"3136558074

3146636593",Barrio la union
ASOCIACIÓN DE MUJERES AFROCOLOMBIANAS DE PIZARRO - AMAPI,9000511929,BAJO BAUDÓ,ELEVORACION DE EMBUTIDOS(PESCADO)ANTIPASTO AHUMADOS CON ESPECIES NATIVA DE FLORA Y FAUNA,PRODUCTOS DERIVADOS DE LA FAUNA SILVESTRE,norma.ibarguen@gmail.com,NORMA GRACIELA IBARGUEN GAMBOA,3213395649 - 3207053298,Barrio Santander Casa de Norma Ibarguen
ASOCIACION DE MUJERES AFROLOCOLMBIANAS HIJAS DE YEMAYÁ,8305044473,QUIBDÓ,Artesanías,NO MADERABLES,idalafro@yahoo.es - hijasdeyemaya@jmail.com,IDALMY MINOTTA TERAN,3218525942,CALLE 27 # 7-44 Barrio Silencio
ASOCIACIÓN DE MUJERES AHUMADORAS DE PESCADO BRISAS DEL MAR,26367282,BAHÍA SOLANO,"ELABORACIÓN DE CHORIZOS DE ATÚN AHUMADA, HAMBURGUESAS DE Y FILITES DE ATÚN",PRODUCTOS DERIVADOS DE LA FAUNA SILVESTRE,No Reporta,MARIA SALLY LEMUS MEDINA,3116214677-3135625303,Barrio Oneti Viejo
ASOCIACIÓN DE MUJERES ARTESANAS DE COLOMBIA,900316428-0,EL CARMEN DE ATRATO,Artesanías de la región,NO MADERABLES,mujeresartesanas7@hotmail.com,LUZ DARY CASTAÑEDA RESTREPO,314 759 33 99,No Reporta
ASOCIACIÓN DE MUJERES CAMPESINAS DE YUTO,818001312-5,ATRATO,"ELABORACIÓN DE COCADAS, CUCAS Y BIOPRODUCTOS (JARABES, CREMAS PARA LA PIEL, JABÓN)",NO MADERABLES,No Reporta,CARLINA PALACIOS,3104447186,No Reporta
ASOCIACIÓN DE MUJERES PARA EL MERCADO DEL PESCADO-MASMEPEZ,818000352-5,BAHÍA SOLANO,EMPRESA DEDICADA A LA PRODUCIÒN DE HIELOS EN BLOQUES PARA EL MANTENIMIENTO DE LA CADENA DE FRIO DE LOS PESCADORES ARTESANALES,OTROS BIENES Y SERVICIOS VERDES SOSTENIBLES,masmepez95@hotmail.com,GLORIA ERMENCIA LOZANO,3147728598,No Reporta
ASOCIACIÒN DE MUJERES VICTIMA DEL DESPLAZAMIENTO DE BAHIA SOLANO - ASOMUVIB,900671520-1,BAHÍA SOLANO,PRODUCCIÓN Y COMERCIALIZACIÓN DE BEBIDAS ANCESTRALES,"SISTEMAS DE PRODUCCIÓN ECOLÓGICO, ORGÁNICO Y BIOLÓGICO",asomuvib@hotmail.com,ELIZABETH MEDINA ALBARES,3105418155,Finca Los Cedro
ASOCIACIÓN DE PESCADORES ARTESANALES DEL MANA,818001892-5,BAHÍA SOLANO,ASOCIACIÒN DEDICADA A LA ELABORACIÓN DE CHORIZOS A BASE DE LOMO DE ATÚN Y REALIZACIÓN DE PESCA RESPONSABLE,PRODUCTOS DERIVADOS DE LA FAUNA SILVESTRE,robinolaya43@gmail.com,ROBINSON OLAYA,3209438080,"Bahía Solano, Barrio Floresta"
ASOCIACIÓN DE PESCADORES ARTESANALES DEL NORTE - ASPENOR,901 235 144-1,BAHÍA SOLANO,PESCA RESPONSABLE,"SISTEMAS DE PRODUCCIÓN ECOLÓGICO, ORGÁNICO Y BIOLÓGICO",lolis2031@hotmail.com,GUSTAVO MOSQUERA,312 531 98 87,Bahía Solano -Barrio Poblado- no nomenclatura
ASOCIACIÓN DE PESCADORES ARTESANALES DEL VALLE CHOCO - LOS PIQUEROS,8180016570,BAHÍA SOLANO,TRANSFORMACION Y COMERCIALIZACION DE PESCADO AHUMADOY EMBUTIDOS FRESCOS,PRODUCTOS DERIVADOS DE LA FAUNA SILVESTRE,"piqueros.delvalle@gmail.com, osoriosaz2012@gmai.com",BISMAR LOPEZ PINILLA,3126954443 - 3113855550,Barrio primero de mayo
ASOCIACIÓN DE PROCESADORES DE PRODUCTOS PESQUEROS-SABOR A MAR,900088346-6,BAHÍA SOLANO,"ELABORACIÓN DE CHORIZOS DE ATÚN, CARNES PARA HAMBURGUESAS DE ATÚN, NUNGGUES  Y LONGANIZAS DE ATÚN",PRODUCTOS DERIVADOS DE LA FAUNA SILVESTRE,Azita2007@hotmail.com,AÑADIRÁ PÉREZ SERNA,3117584829,Barrio Fillocastro
ASOCIACIÓN DE PRODUCTORES AGROPECUARIOS DEL DARIÉN - ASOPRODA,90026278,UNGUÍA,PRODUCCION Y COMERCIALIZACION DE CACAO.,"SISTEMAS DE PRODUCCIÓN ECOLÓGICO, ORGÁNICO Y BIOLÓGICO",kedimakle@gmail.com,MARISOL MACHADO MOSQUERA,3135297488,"calle principal, unguía"
ASOCIACIÓN DE PRODUCTORES DE CACAO DE DOÑA JOSEFA-ASOCASEFA,9010780390,ATRATO,PRODUCCIÓN Y COMERCIALIZACIÓN DE CACAO,"SISTEMAS DE PRODUCCIÓN ECOLÓGICO, ORGÁNICO Y BIOLÓGICO",asocasefa@fundaciónchonto.com,ADONIESIS SERNA HINESTROZA,3233897044,calle 18 -  6 - 57 barrio niño jesus
"ASOCIACION DE PRODUCTORES DE CACAO DEL MUNICIPIO DE QUIBDÓ  ""ASOPROCAQ""",900895150-1,QUIBDÓ,"EMPRESAS DEDICADA A LA COMPRA, TRANSFORMACION PRIMARIA Y COMERCIALIZACION DE CACAO.",OTROS BIENES Y SERVICIOS VERDES SOSTENIBLES,rupertomoreno456@gmail.com,RUPERTO MORENO MARTINEZ,3145679569 - 3205549555,Plaza de mercado segundo piso local 302
ASOCIACION DE PRODUCTORES DEL ATRATO ASPRODEMA,9002714056,QUIBDÓ,PRODUCCION Y COMERCIALIZACION DE DE ARROZ,OTROS BIENES Y SERVICIOS VERDES SOSTENIBLES,domingamebajaro@yahoo.es,DOMINGA BEJARANO DE MORENO,"3105458830
3105940447","Carrera 3, N° 23-26 COCOMACIA"
ASOCIACIÓN DE PRODUCTORES TRADICIONALES DE  ARROZ DEL  BAUDO,901 221 662-2,MEDIO BAUDÓ,PRODUCCIÓN Y COMERCIALIZACIÓN DE ARROZ,"SISTEMAS DE PRODUCCIÓN ECOLÓGICO, ORGÁNICO Y BIOLÓGICO",genarom@live.com,BENJAMIN PALACIOS POTES,314 628 64 87,Municipio de Medio Baudó- Cabecera Puerto Meluk - Calle Principal
ASOCIACIÓN ECOTURISTICA Y CULTURAL CHAMPA MÍA,900876376-8,EL CARMEN DE ATRATO,OFRECE SERVICIO DE TURISMO ACUATICO,ECOTURISMO/TURISMO DE NATURALEZA,eugeniovaloyes@hotmail.com,EUGENIO VALOYES MORENO,323 407 68 60,Carrera 1 Edficio Inspección Fluvial - Casa de la Juventud
ASOCIACION MUJERES CONSTRUYENDO UN PORVENIR,901 297 567-7,EL CARMEN DE ATRATO,Procesamiento y comercialización de Pulpas de frutas de la región,ALIMENTARIO,maricorrea0275@gmail.com,MARISBEY CORREA MUÑOZ,310 447 53 14,Municipio de El Carmen de Atrato -Barrio la Paz- sin nomenclatura
ASOCIACIÓN MUJERES POR UNA VIDA DIGNA Y SOLIDARIA-TESORO DE LA SELVA,9002338168,QUIBDÓ,"BIOCOSMETICO (JABONES DE YERBA BUENA , MENTA, RUDA, ALBACA Y POMADAS)",NO MADERABLES,yearega1975@hotmail.com,CONCEPCIÓN RENTERÍA,(572) 6274873 - 3104309985,Carrera 28 No. 24-50
ASOCIACION OQUEGUA,No Reporta,BAHÍA SOLANO,ARTESANIAS EN CHAQUIRASY BISUTERIA CON PRODUCTOR RECICLAJE.,NO MADERABLES,oquegua@gmail.com,LUIS FERNANDO ASPRILLA ANDRADES,3215240148,Corregimiento El Valle
ASOCIACIÓN VAMOS MUJERES,8180022296,QUIBDÓ,PRODUCCION DE HARIAN DE POPOCHO,OTROS BIENES Y SERVICIOS VERDES SOSTENIBLES,marygamboa@misena.edu.co,BENILDA GAMBOA DE CÓRDOBA,"3127285710
3203555003",Ichó
ASOJOYEROS,9004245772,QUIBDÓ,"ELABORACION DE JOYAS EN ORO Y COMERCIALIZACION DE ARTESANIAS EN FIBRAS DE MADERA , DAMAGUA Y CABECINEGRO.",NO MADERABLES,asojoch_artesaniasdelchoco@hotmail.com,MAGDA RODRÍGUEZ FLÓREZ,3116042928,estand #3 - aeropuerto el caraño de Quibdó
ASOLPALMAR,9001833677,SAN JOSÉ DEL PALMAR,TRANAFORMACION Y COMERCIALIZACION DE CACAO EN BARRA COCOVAD O (SAN JOSE DEL PALMAR),"SISTEMAS DE PRODUCCIÓN ECOLÓGICO, ORGÁNICO Y BIOLÓGICO",nuestra.herencia@gmail.com,MARIO MOSQUERA VIVEROS,3207875463,"Avenida Quibdó, centro de acopio"
BAHÍA VIVA S.A.S  - (MADRE AGUA),901 090 684-1,BAHÍA SOLANO,ECOTURISMO,ECOTURISMO/TURISMO DE NATURALEZA,madreaguaeco@gmail.com,JOHN JAIRO DUQUE GARCIA,310 525 00 23,Carrera  35 a- número 77 sur- 113 Apto 2006- Sabaneta Antioquia
BEBIDAS AFRODISIACAS YOVA,35604369-2,QUIBDÓ,PRODUCCIÓN Y COMERCIALIZACIÓN DE BEBIDAS ANCESTRALES,NO MADERABLES,yovamurillo57@gmail.com,GIOVANNI MURILLO MOSQUERA,314 771 22 40,Carrera 2 # 31-75
BOCADITOS DOÑA BETTY,891600003,QUIBDÓ,"ELABORACION DE COCADAS CON SABOR A PAPAYA , JENGIBRE, LULO, CAFÉ Y GALLETAS","SISTEMAS DE PRODUCCIÓN ECOLÓGICO, ORGÁNICO Y BIOLÓGICO",No Reporta,BETTY AMPARO MORENO MORENO,"3137256477
3137256477",Carreraa 22 # 18 - 97
BORONAY,1170760-2,ISTMINA,SE DEDICA A LA ELABORACIÓN DE PRODUCTOS A BASE DE BOROJO.,"SISTEMAS DE PRODUCCIÓN ECOLÓGICO, ORGÁNICO Y BIOLÓGICO",boronaygonzalo@gmail.com,ARIEL GONZALO FIGUEROA,3185828684,Frente a la Terminal Istmina
CABAÑA DARIUS,3268615067,ACANDÍ,"ECOTURISMO (HOSPEDAJE ALIMENTACION, TALLERES DE PINTURA Y HUERTAS ORGANICAS )",ECOTURISMO/TURISMO DE NATURALEZA,reservas@dariuscapurgana.com,NERY LUZ HOYOS,3103977768 - 3146225638,"sector plan parejo, Capurganá"
"CACOVA- CACAO COCO, VAINILLA Y ACHOTE",29 048 859-01,BAHÍA SOLANO,Producción y comercialización de vainilla y achote,"SISTEMAS DE PRODUCCIÓN ECOLÓGICO, ORGÁNICO Y BIOLÓGICO",No Reporta,FRANCSISCO ALEXIS GARCIA RIVAS,320 436 40 26,Corregimiento El Valle - Chocó
CÁCTUS Y PENCAS,4829888,EL CARMEN DE ATRATO,"CACTUS, CONEJOS, PENCAS, MIEL DE ABEJA",NO MADERABLES,No Reporta,RAUL RESTREPO RÍOS,311 646 52 60,Carmen de Atrato -Sector La Coqueta
CÁRNICOS LA PORTEÑA,901176960-1,EL CARMEN DE ATRATO,Chorizos de carne y de pollo,AGROINDUSTRIA SOSENIBLE,"eteldg79@gmail.com
 carnicolaporteña@gmail.com",ETELVINA DELGADO GARCÉS,313 750 75 17,Vereda La Mariela Km 2
CERVECERÍA ARTESANAL DEL CHOCÓ CADERONA,901197980-7,QUIBDÓ,EMPRESA QUE SE DEDICA A LA ELABORACION DE CERVEZAS FERMENTADAS,AGROINDUSTRIA SOSENIBLE -ALIMENTOS,cervezacaderona@gmail.com,VIVIANA ELOISA GÓMEZ RENGIFO,320 673 72 06,Carrera 9 # 17-11
CHOCÓ MESTIZO,542564356,QUIBDÓ,TRANSFORMACION DE CAFÉ ORGANICO,OTROS BIENES Y SERVICIOS VERDES SOSTENIBLES,catedraeticaylegislacion@hotmail.com,LEXY DURÁN TORRES,311Froylan 3127415419,"Carrera 2 frente a bancolombia - Quibdó, chocó"
CHOIBA CHOCÓ,11935344,QUIBDÓ,EMPRESA DEDICADA A LA ELABORACIÒN DE ARTESANIAS COMO MUÑECAS EN TELAS RECICLADAS,MADERABLES,choibachoco7@gmail.com,JOSE FELIX MURILLO,3505553517,Calle 30# 13-72
CHORIZO DE PESCADO EL CACIQUE S.A.S,900828905-1,BAHÍA SOLANO,ELABORACIÒN DE CHORIZO CON ATÙN Y VENTA DE ATÙN AHUMADO,PRODUCTOS DERIVADOS DE LA FAUNA SILVESTRE,No Reporta,MANUEL SATURIO RIVAS,3226352812-3104991303,No Reporta
CONDIYA,54253842-7,QUIBDÓ,ELABORACIÓN Y TRANSFORMACION DE CONDIMENTOS O ADOBOS PARA LA PREPARACIÓN DE COMIDAS,NO MADERABLES,yafidcasas@hotmail.com,YAFID BONILLA CASAS,3104161398,Barrio san jose Calle 36 # 4-12
CONSEJO COMUNITARIO DE LAS COMUNIDADES NEGRAS DE LA CUENCA DEL RÍO TOLO Y ZONA COSTERA SUR,9003122191,ACANDÍ,SERVICIOS AMBIENTALES Y ECOTURISMO,ECOTURISMO/TURISMO DE NATURALEZA,cocomasur@gmail.com,AURELIANO CÓRDOBA BECERRA,3206646814,Calle las Flores
"CONSEJO COMUNITARIO MAYOR DEL ALTO SAN JUAN ""ASOCASAN""",8180006401,TADÓ,PRODUCCION Y COMERCIALIZACION DE ACHIOTE,NO MADERABLES,asocasan2001@hotmail.com,HEYLER SERBANDO MORENO PALACIOS,310 834 06 94,Carrera 9 N°4-46
CONSEJO COMUNITARIO RIO VALLE,900401740-8,BAHÍA SOLANO,PRODUCCIÓN Y COMERCIALIZACIÓN DE VAINILLA,"SISTEMAS DE PRODUCCIÓN ECOLÓGICO, ORGÁNICO Y BIOLÓGICO",paulohurtado44@yahoo.com,PAULO HURTADO RENTERÍA,314 798 01 96,Corregimiento del Valle Chocó
"CONSEJO LOCAL COMUNITARIO DE LAS COMUNIDADES NEGRAS, CORREGIMIENTO DE LA CALETA.",No Reporta,ACANDÍ,ECOTURISMO  - ALOJAMIENTO Y GUIANZA,ECOTURISMO/TURISMO DE NATURALEZA,dianahumus@gmail.com,FREDY ORTEGA CARRILLO,"3116937551 
3117726055",Corregimiento la Caleta
CONSERVAS DEL ATRATO,1004011499-4,QUIBDÓ,"PROCESAMIENTO Y COMERCIALIZACIÓN DE ANTIPASTOS DE PESCADOS Y POLLO, CON LAS FRUTAS TÍPICAS DE LA REGIÓN  SE ELABORAN DUCES.",OTROS BIENES Y SERVICIOS VERDES SOSTENIBLES,yeudy-ki@hotmail.com,JHONATAN SMITH CORDOBA ROMAÑA,3217195457 - 3207513624,Carreraa 6  entre calles 29 y 30 Barrio  Cesar Conto
COOPERACIÓN DE PRODUCCIÓN AGROFORESTAL ORGÁNICA-COOPROAFOR,900913036-8,ATRATO,"PRODUCCIÓN Y ELABORACIÓN DE ABONO ORGÁNICO TIPO COMPOST , PRODUCCIÓN Y COMERCIALIZACIÓN DE ESPECIES FORESTALES, FRUTALES, MULTIPROPOSITO Y ESPECIES RECUPERADORAS.","SISTEMAS DE PRODUCCIÓN ECOLÓGICO, ORGÁNICO Y BIOLÓGICO",solucionesaaf@gmail.com,BEIMAR URRITIA MOSQUERA,3126480247,Carrera 10 #27-21
COOPERATIVA AGROINDUSTRIAL DE QUIBDÓ,900991903-1,QUIBDÓ,ELABORACIÓN Y TRANSFORMACIÓN  DE HARINAS DE ACHÍN   PARA LA FABRICACIÓN DE PRODUCTOS DE PANADERÍA,NO MADERABLES,fideliacasas@gmail.com,FIDELIA ANONIA CASA CUESTA,3136532441 - 3104161398,Barrio San Jose Calle 35 # 4-12
COOPERATIVA AGROINDUSTRIAL DEL MUNICIPIO DEL ALTO BAUDO -      COOAGROBAUDÓ,901198479-2,ALTO BAUDO,PRODUCCIÓN Y COMERCIALIZACIÓN DE PLÁTANO,"SISTEMAS DE PRODUCCIÓN ECOLÓGICO, ORGÁNICO Y BIOLÓGICO",gerencia@cooagrobaudo.org,JORGE ISAAC RIVAS HINESTROZA,311 799 29 14,PIE DE PATO
COOPERATIVA AGROINDUSTRIAL DEL VALLE - COOAGROINDUVALLE,9008825285,BAHÍA SOLANO,"PRODUCTOS MEDICINALES ELABOTADOS A BASE DE PLANTAS Y AGROSISTEMAS DE CACAO, ACHIOTE, VAINILLA","SISTEMAS DE PRODUCCIÓN ECOLÓGICO, ORGÁNICO Y BIOLÓGICO",junta.accion@gmail.com,PEDRO NOLASCO ALVARADO,3105166054,No registra
COOPERATIVA DE PRODUCTORES Y COMERCIALIZADORES DE ARROZ DE SAN MURINDO,900666306-1,ATRATO,PRODUCCION Y COMERCIALIZACION DE DE ARROZ,"SISTEMAS DE PRODUCCIÓN ECOLÓGICO, ORGÁNICO Y BIOLÓGICO",jgilcordoba8@hotmail.com,JOSE GIL CORDOBA CORDOBA,3206192240,No Reporta
"COOPERATIVA DE PRODUCTORES Y COMERCIALIZADORES DE BOROJÓ DE DOÑA JOSEFA ""COOPROJOSEFA""",9007320489,ATRATO,PRODUCCION Y COMERCIALIZACION DE BOROJO,NO MADERABLES,cooproosefa@hotmail.com,LUIS EMIRO MARTINEZ PALACIOS,"314-610-79-61
311-579-28-24
 312-893-17-12",Corregimiento Doña Josefa
DELICIAS MERAKI S.A.S,901203492,QUIBDÓ,PRODUCCIÓN Y COMERCIALIZACIÓN DE PLÁTANO,"SISTEMAS DE PRODUCCIÓN ECOLÓGICO, ORGÁNICO Y BIOLÓGICO",deliciasmeraki@hotmail.com,MARIA FERNANDA RAMIREZ,3135693571,carrera 6° # 31-10
DELIFRUTY,11805069,QUIBDÓ,"TRANSFORMACIÓN Y COMERCIALIZACIÓN DE FRUTAS NATIVAS DEL CHOCÓ BIOGEOGRÁFICO, EN DESHIDRATADOS COMO PIÑA Y PRIMITIVO, SIN CONSERVANTES, NI COLORANTES AÑADIDOS.",OTROS BIENES Y SERVICIOS VERDES SOSTENIBLES,mosluis@hotmail.com,HAIDYN LUIS MORENO MOSQUERA,3116136340,b/ obapo sector villa country
DERIVADOS LACTEOS LA FLORESTA,32544268,EL CARMEN DE ATRATO,"QUESITO, QUESO, MANTEQUILLA, QUESO DULCE","SISTEMAS DE PRODUCCIÓN ECOLÓGICO, ORGÁNICO Y BIOLÓGICO",jaimecorreaj1956@gmail.com - jsebastiancc88@gmail.com,GILMA CARDONA MARÍN,320 990 95 83,Vereda- la Mariela El Carmen de Atraro Chocó- Finca La Floresta.
DOÑA ANA TÍPICO CHOCOANO,1077423297-7,QUIBDÓ,SE DEDICAN A LA ELABORACIÒN Y VENTAS DE PASTELES DE ARROZ ARTESANALES Y TRADICIONALES DE LA REGIÒN,OTROS BIENES Y SERVICIOS VERDES SOSTENIBLES,dianapastel@hotmail.com,DIANA MARCELA MOSQUERA MOSQUERA,3122620946,Carrera 2 N 26-74
DULCES SONRISAS,1077464535,BAHÍA SOLANO,"PRODUCCION Y TRANSFORMACION DE FRUTAS PARA LA ELABORACION DE DULCES ARTESANALES DE PAPAYA, COCO","SISTEMAS DE PRODUCCIÓN ECOLÓGICO, ORGÁNICO Y BIOLÓGICO",kitachimedina@gmail.com,LINA TERESA VARGAS,3216825181,aeropuerto José Celestino Mutis (bahía solano)
DULFRUTIS,1077460763-5,QUIBDÓ,"DULFRUTIS ES UNA EMPRESA QUE SE DEDICA AL APROVECHAMIENTO DE FRUTAS (BOROJO, CHONTADURO, PIÑA, ARBOL DEL PAN Y GUANABANA) Y TUBERCULOS (YUCA Y ÑAME) PARA TRANSFORMARLOS EN DULCES Y POSTRES ARTESANALES.",OTROS BIENES Y SERVICIOS VERDES SOSTENIBLES,dulfrutis@gmail.com,ANA MILENA PALACIOS PALACIOS,3502401930,Carreraa 8 # 15 -10 barrio niño jesus
ECOMUEBLES,35547124,QUIBDÓ,ELABORACIÓN DE MUEBLES CON LLANTAS USADAS,INORGÁNICO,avjm0350@hotmail.com,ALBA VANESSA JIMENEZ,3013562645,Barrio Miraflores Carrera 5 Calle 32 # 5 -09
EL DIAMANTE- AGUACATE TIPO EXPORTACIÓN,98666247,EL CARMEN DE ATRATO,PRODUCCIÓN Y COMERCIALIZACIÓN DE AGUACATE,"SISTEMAS DE PRODUCCIÓN ECOLÓGICO, ORGÁNICO Y BIOLÓGICO",gonvaye@hotmail.com,CHRISTIAN VALDERRAMA MAYA,312 870 71 00,Calle 3ra numero 3- 27  apto 201
"EMPRESA ASOCIATIVA DE TRABAJO  ""EMPRESA BARULE""",818001081,TADÓ,"PROCESADORA DE BOROJO, CACAO, PRIMITIVO,PIPILONGO ETC.( VINO DE BOROJO)",NO MADERABLES,wistoncuesta@hotmail.com,WISTON CUESTA PEÑA,313 564 60 56,BARRIO ESCOLAR Carrera 7 N°8 - 82
"EMPRESA DE RECUPERACIÓN, CONSERVACIÓN Y DESARROLLO SOSTENIBLE DEL MEDIO AMBIENTE DEL DARIEN ""ECODES RIO SUCIO S.A.S""",11802028,RIOSUCIO,"EMPRESA DEDICADA  A LA PRODUCCIÓN DE MATERIAL VEGETAL TAL COMO PLANTAS FRUTALES, ORNAMENTALES, ASÍ COMO AL MANEJO DE CUENCAS HIDROGRAFICAS MEDIANTE LA ARBORIZACIÓN PARA RECUPERACIÓN Y MANTENIEMIENTO DE ÁREAS DEGRADADAS.","SISTEMAS DE PRODUCCIÓN ECOLÓGICO, ORGÁNICO Y BIOLÓGICO",ecodesriosucioz1@gmail.com,LUIS ENRIQUE LEMOS VALOYES,3127857335,"Barrio Escolar, calle principal, Rio Sucio"
ESTACIÓN AGRO-AMBIENTAL MASAI MARA S.A.S,26255407,QUIBDÓ,PRODUCCION DE ABONO ORGANICO,ORGÁNICO,"bercor12@yahoo.es
aldemar11810@gmail.com",FRANCISCA CÓRDOBA DE MENA,3137506846,"Barrio: Jardín, Transv. 19 - Sector Las Palmeras"
FABRICA DE GALLETAS CHOCOANAS S.A.S,900991805-1,QUIBDÓ,"ELABORACCIÓN Y PROCESAMIENTO DE GALLETAS NATURALES A BASES DE FRUTOS TIPICOS DEL CHOCÓ COMO , CHONTADURO, JENGIBRE, NAME, ACHIN, ÁRBOL DEL PAON, CAFÉ, POPOCHO Y ACHIN DE SAL.",NO MADERABLES,aema15@hotmail.com,ANA ESTER  MOSQUERA ANDRADE,3117909648,"Calle 24 # 33-35 B, Jardin sector primavera"
FINCA EL DIAMANTE- AGUACATE TIPO EXPORTACIÓN,No Reporta,EL CARMEN DE ATRATO,PRODUCCIÓN Y COMERCIALIZACIÓN DE AGUACATE,OTROS BIENES Y SERVICIOS VERDES SOSTENIBLES,No Reporta,No Reporta,No Reporta,No Reporta
FINCA LA FLORIDA,1078637696,EL CARMEN DE ATRATO,Turismo,"SISTEMAS DE PRODUCCIÓN ECOLÓGICO, ORGÁNICO Y BIOLÓGICO",tuberquia2013@gmail.com,JUAN FELIPE MUÑOZ TUBERQUIA,312 805 64 43,Vereda la Sierra Finca la Florida
FRUTOS TÍPICOS DE MI CHOCÓ,818000238/3,QUIBDÓ,TRANSFORMACIÓN DE FRUTAS TÍPICAS DE LA REGIÓN (DESHIDRATADOS Y PULPA),AGROINDUSTRIA SOSENIBLE,frutostipicosdemichoco@gmail.com,VISITACION ASPRILLA,"311 604 70 90
313 637 82 53",Carrera 7 # 9-99
GRUPO ARTESANAL ALBA,26255272-6,QUIBDÓ,"EMPRESA DEDICADA A LA ELABORACIÒN DE BOLSOS, CARTERAS EN FIBRAS NATURALES COMO SON LA DAMAGUA Y CABECINEGRO.",NO MADERABLES,No Reporta,PALACIOS VALENCIA ROSALBA,3206666432,"Calle 25 A N10-05.  Barrio las margaritas , por el puente a mano derecha"
HELADERIA FRIOS FRUTOS DE LOS RIOS,1077442302-7,QUIBDÓ,ELABORACION DE HELADOS ARTESANALES CON FRUTOS TIPICOS DEL CHOCÓ (MIL PESOS CHONTADURO,"SISTEMAS DE PRODUCCIÓN ECOLÓGICO, ORGÁNICO Y BIOLÓGICO",cristian_rios@hotmail.com,CRISTIAN ALBERTO RIOS BLANDÓN,3128879969,Calle 31 # 3 - 07
HERENCIA ECO S.A.S,901236283-1,QUIBDÓ,"ELABORACIÓN DE PRODUCTOS COSMÉTICOS A PARTIR DE ESPECIES NATIVAS (SHAMPOO, CREMAS)",NO MADERABLES,herenciachoco@gmail.com,DIGNORY RUIZ CONTO,3003321379,Barrios jardin altos de los castillos
HOTEL CASA LILY S.AS.,900747202-2,QUIBDÓ,ALOJAMIENTO,CONSTRUCCIÓN SOSTENIBLE,hotelcasalily@gmail.com,NHORA SOFIA AGUILAR PALACIO,3127764961 - 312836 79 85,Carrera 4ta numero 6- 76- Manzanares
JUGOS KÁHUA S.AS.,901 203 493-8,QUIBDÓ,PRODUCCIÓN Y COMERCIALIZACIÓN DE JUGOS HECHOS A BASE DE FRUTAS TÍPICAS DE LA REGIÓN.,OTROS BIENES Y SERVICIOS VERDES SOSTENIBLES,káhuagroup@gmail.com,ANGHIE ZORAHIMA COPETE RODRIGUEZ,320 643 30 98,Calle 40 numero 6-81 barrio Huapango sector subestación
JUGOS MASAI S.A.S.,1010196390,QUIBDÓ,"PROCESAMIENTO Y CONSERVACION DE FRUTAS, LEGUMBRES HORTALIZAS Y TUBERCULOS","SISTEMAS DE PRODUCCIÓN ECOLÓGICO, ORGÁNICO Y BIOLÓGICO",demerkcuesta@hotmail.com,DEMERK CUESTA SALAZAR,3206041945,Calle 26 #14-02 barrio: la esmeralda
KIPHARÁ TÉ ETNOALDEA TURISTICA EMBERÁ,9008587915,NUQUÍ,"ECOTURISMO SE OFRECE ALOJAMIENTO, SENDERISMO, DEMOSTRACIONES CULTURALES ARTESANIAS Y RITUALES CURATIVOS CON PLANTAS NATIVAS DEL CHOCÓ",ECOTURISMO/TURISMO DE NATURALEZA,sauzasanapi@gmail.com,JULIO CESAR SANAPI SAUSA,3226506818 - 3137228727,Etnoaldea Kiphara Te
LA CASA DEL SABOR CHOCOANO,15367190,QUIBDÓ,"SE DEDICA A LA  PRODUCCIÓN DE CONDIMENTOS BÁSICOS DE LA COCINA CHOCOANA, ENTRE ESTOS TENEMOS EL ALIÑO CHOCOANO, PIQUE CHOCOANO, SALSA NEGRA DE VERDURAS Y SALSA ROJA",NO MADERABLES,No Reporta,ALFREDO ANTONIO VALOYES,3122041332,Carreraa 9  24a-26 B/ chamblum
LA CHOCOANITA TIENDA,107744628-1,QUIBDÓ,EMPRESA DEDICADA A LA ELABORACION DE ARTESANIAS CON FIBRAS NATURALES  DEL DEPARTAMENTO DEL CHOCÒ,NO MADERABLES,lachocoanita.tienda@gmail.com,ROSAURA HINESTROZA,"3217778263, 32077361787","Sanfrancisco de medrano, sector divino niño. # 22-72"
LA TUNDA DEL PACÍFICO SAS,901202419-8,QUIBDÓ,"LA EMPRESA SE DEDICA A LA TRANSFORMACIÓN Y COMERCIALIZACIÓN DE PRODUCTOS DERIVADOS DEL MAR, ESPECIALMENTE CAMARONES Y FILETES DE PESCADO, TRANSFORMADOS EN SEVICHE, ENSALADAS, SEVICHES MIXTOS, HAMBURQUESAS, SANDUCHEZ DE ATUN, FILES DE ATUM, SNACKS DE MARISCOS (CROQUETAS) CHORIPERROS, CHUZOS. SE PIENSA ESTABLECER UN LOCAL DE COMIDAS RAPIDAS DE PRODUCTOS DEL MAR.","SISTEMAS DE PRODUCCIÓN ECOLÓGICO, ORGÁNICO Y BIOLÓGICO",duvamos@hotmail.com,DUJEYNY ALENCIA MOSQURERA,3108444350,Carrera 4 # 28-06
LAS COSITAS DE MI TIERRA,11810837- 3,QUIBDÓ,PRODUCCIÓN Y COMERCIALIZACIÓN DE DULCES TÍPICOS DE LA REGIÓN.,AGROINDUSTRIA SOSENIBLE,lascositasdemitierra@gmail.com,DAVINSON PALACIOS MOSQUERA,3217024591,Cérteguí - Barrio San Francisco
ANANAS,525152189,QUIBDÓ,PRODUCCIÓN Y COMERCIALIZACIÓN DE GRUTAS TÍPICAS DE LA REGIÓN DESHIDRATADAS,"SISTEMAS DE PRODUCCIÓN ECOLÓGICO, ORGÁNICO Y BIOLÓGICO",alexabio79@gamil.com,ALEXANDRA HENAO CAICEDO,3105014362-6729826,Barrio caraño parte alta sector samarcanda
MAMÁ ORBE FAMILY ECO FARM-,26. 366 846-1,BAHÍA SOLANO,Turismo,ECOTURISMO/TURISMO DE NATURALEZA,mamaorbefamily@gmail.com,ORFILIA BERMÚDEZ CHAVERRA,314 690 47 71,EL VALLE DE CHOCÓ
MERCEDES CIFUENTES,26323327,EL CARMEN DE ATRATO,Elaboración y comercialización de mermeladas de frutas de la región,NO MADERABLES,mercedescifuentes@hotmail.com,MERCEDES CIFUENTES,322 568 23 92,Calle 3ta con carrera 4ta Calle del Corazon de Maria
NATIVHOS,118098769,QUIBDÓ,"PRODUCIÓN DE HELADOS DE FRUTOS TIPICOS DEL CHOCÓ (BADEA, ARAZÁ,GUANABANA, GUAYABA AGRIA ETC.)",NO MADERABLES,nativos.choco@hotmail.com,ALVINXON CASTRO RIVAS,3217092277,"B/ Carreraisto Rey 
Carreraa 3- N° 31- 28"
OPERADORA DE TURISMO LOCAL VIDA SALVAJE TOURS,82385325,BAHÍA SOLANO,AVISTAMIENTO DE AVES,ECOTURISMO/TURISMO DE NATURALEZA,No Reporta,BALMES MOSQUERA LIMA,3135175691,No Reporta
ORGANIZACIÓN CAMPESINA Y CAFICULTORA DE EL CARMEN DE ATRATO,3417042,EL CARMEN DE ATRATO,PRODUCCIÓN Y COMERCIALIZACIÓN DE CAFÉ,AGROSISTEMAS SOSTENIBLES,No Reporta,PEDRO LEANDRO GÓMEZ,312 748 88 05,Vereda La Pradera
PICONEGRO,11136441558,QUIBDÓ,DISEÑO ASESORIOS DE LUJO EN MADERA,INORGÁNICO,piconegro.pn@gmail.com,LINA MARCELA OLAYA,3157516663,"Sucursal Quibdó, Carrera 10 n 30-87 B/ Julio Figueroa Villa"
PRODUCTORA Y COMERCIALIZADORA COCOA,26372973-1,BAHÍA SOLANO,"EMPRESA DEDICADA AL CULTIVO DE ACHIOTE, VAINILLA, CACAO, COCO, COMO TAMBIEN SE DEDICA A LA ELABORACIÓN DE ACEITES DE COCO, ACHIOTE Y PASTA DE ACHIOTE","SISTEMAS DE PRODUCCIÓN ECOLÓGICO, ORGÁNICO Y BIOLÓGICO",neylafelisa@hotmail.com,NEYLA FELISA MURILLO RIVAS,3204364026-3145323352,Barrio San Rafael
PRODUCTOS CASEROS DEL CHOCÓ,19228449-2,QUIBDÓ,PEODUCCIÓN Y COMERCIALIZACIÓN DE SALSA DE AJÍ,NO MADERABLES,olunasalazar@hotmail.com,OPTACIANO LUNA SALAZAR,3212031882 / 3104723896,"Barrio El Jardín - Sector Heliconias, despues de las castillos  entrada a restaurante  Zulia. Casa Blanca"
"PRODUCTOS LIMPIOS Y AMIGABLES,NUTRICIONAL,ETNICO Y AMBIENTAL CHOCO BIOGEOGRAFICO( PLANETA CH.S.A.S )",900 936 6033,BOJAYA,PRODUCCIÓN Y COMERCIALIZACIÓN DE PULPA Y PALMITOS DE NAIDÍ.,NO MADERABLES,n.palacios@planetachb.com,NEMECIO PALACIOS MENA,3106066490,Vigia del fuerte
QUIBDÓ RECICLA,1077446280,QUIBDÓ,RECICLAJE,ORGÁNICO,leidyrivas1919@gmail.com,LEIDI JOHANA RIVAS PEREA,3226248147,Carrera 6 # 20 40 Barrio Niño Jesús
RAÍCES CHOCOANAS,11803158,QUIBDÓ,"ELABORACIÓN DE MUEBLES Y ARTESANIAS CON TRONCOS, RAMAS DE MADERA",ORGÁNICO,josebedoya06@gmail.com,JOSÉ YNGINIO PARRA BEDOYA,3206041945,"barrio: fuego verde, sector mirador"
REFRESCOS EL LITORAL,8180007431,QUIBDÓ,"AGUA ENVASADA,  BEBIDAS Y AFINES",OTROS BIENES Y SERVICIOS VERDES SOSTENIBLES,aguaellitoral@yahoo.com,HECTOR JULIO MOYA,3128775218,Carrera 8 No. 3 - 25 Barrio Niño Jesús de Cabi
"RESCATE DE PLANTAS MEDICINALES DEL VALLE, CHOCÓ",900425645-1,QUIBDÓ,ELABORACIÓN DE PRODUCTOS MEDICINALES CON CONOCIMIENTO ANCESTRAL,NO MADERABLES,junta.accion@gmail.com,FABIO MURILLO ROA,3215622098,"Corregimiento El Valle, municipio de Bahía Solano"
RESGUARDO INDIGENA DE SANTA MARIA,118855791,EL LITORAL DEL SAN JUAN,PRODUCCIÓN Y COMERCIALIZACIÓN DE ARTESANIAS EN FÍBRA DE WERREGUE,NO MADERABLES,agricharro1970@hotmail.com,CHIMORRA MOYA AGRIPINO,3503170601,Santa María de Pángala
RÍOS Y PAISAJES TOURS,4852381-1,BAHÍA SOLANO,ECOTURISMO  (AVISTAMIENTO DEL PAISAJE,ECOTURISMO/TURISMO DE NATURALEZA,riosypaisajestours@gmail.com,RODRIGO CACERES JARAMILLO,"3202006874
3104375951",Correimiento del Valle
SABORES DE MI TIERRA POSTRES,1077428687-9,QUIBDÓ,"LA EMPRESA REALIZA  APROVECHAMIENTO DE LAS FRUTAS TIPICAS DE LA REGIÓN CHOCOANA (BOROJO, GAYABA AGRIA, CARAMBOLO, BADEA, MILPESOS, JENJIBRE, LIMON, MENTA, YERBABUENA) PARA HACER UNA TRANSFORMACION DE ESTAS EN DELICIOSOS POSTRES",OTROS BIENES Y SERVICIOS VERDES SOSTENIBLES,dianarcmos14@gmail.com,DIANA MARCELA ARCILA,3146148123 - 3174647098,Carreraa 25 23-25 barrio Jardin sector zona minera
SALSA DE AJO DOÑA ANA,43640967,TADÓ,"NEGOCIO DEDICADO A LA PRODUCCIÓN DE SALSA DE AJO, CON CONSERVANTES NATURALES",OTROS BIENES Y SERVICIOS VERDES SOSTENIBLES,kamos1978@hotmail.com,ADINETH KATERINE MOSQUERA ARAGON,3128109411,Carreraa 10- cll 4° #4-23 barrio escolar
SELVACEUTICA S.A.S.,9009104840,QUIBDÓ,"BIOCOSMETICO (CREMAS HIDRATANTES,EXFOLIANTES,MASCARILLAS FACIALES,SHAMPO, JABÓN LIQUIDOS)",NO MADERABLES,selvaceutica@gmail.com,YINI CUESTA PEREA,3137555896,"Carreraa 8 # 30-52 
B/ Tomas Perez"
SUEÑOS DE ORO ARTESANÍAS,26283830-4,QUIBDÓ,"EMPRESA DEDICADA A LA ELABORACIÒN DE BOLSOS, CARTERAS, FLORES EN FIBRAS NATURALES COMO SON LA DAMAGUA Y CABECINEGRO, LOS DISEÑOS DE LAS DIFERENTES FLORES ESTAN EN MARCADOS EN ESPECIES ENDEMICAS DEL CHOCÒ",OTROS BIENES Y SERVICIOS VERDES SOSTENIBLES,claren79@hotmail.es,CORDOBA MOSQUERA FLORICELDA,3147311488-3128874907,"Villa cantoo/ mercedes, Rio Quito"
SUMINISTROS LA UNIÓN,26391701,UNIÓN PANAMERICANA,NEGOCIO DEDICADO  A LA ELABORACIÓN DE ARTESANÍAS CON BOTELLAS RECICLADAS Y PORCELANA FRÍA.,INORGÁNICO,No Reporta,IDELMA EMILDA MURILLO GARCÍA,3116176490,Barrio calle nueva- Calle 3° #7-29
TORTAS DANIBEC,54252565,QUIBDÓ,"EMPRESA DEDICADA A LA ELABORACIÓN DE TORTAS DE CON ALGUNOS FRUTOS TIPICOS DEL CHOCÒ COMO: BOROJO, LULO, ZAPAYO, ZANAHORIA, CHONTADURO.",NO MADERABLES,dabecu62@hotmail.com,DANID BECERRA CUESTA,3135761630,Calle 29 N- 3-22 b/ Carreraisto rey
TOUR DE RIOS,12. 020 750-5,QUIBDÓ,ECOTURISMO  - GUIANZA,ECOTURISMO/TURISMO DE NATURALEZA,info@tourderios.com.co,EDWIN RENGIFO BLANDO,313 730 61 58,Carrera 6ta número 29-77- Sector Cesar Conto
TRAPICHE LOS ZAPATA,4.829 305,EL CARMEN DE ATRATO,PRODUCCIÓN DE PANELA ORGÁNICA,"SISTEMAS DE PRODUCCIÓN ECOLÓGICO, ORGÁNICO Y BIOLÓGICO",panelazapatay@gmail.com,NELSON DE JESUS ZAPATA YEPES,312 626 40 32,Vereda la Mariela parte baja
VIAJES TRUANDO,818000215-4,QUIBDÓ,"AGENCIA DE VIAJES DEDICDA AL TURISMO RECPETIVO EN ELDEPARTAMENTO DEL CHOCÓ, MANEJO DE EVENTOS Y CONVENCIONES Y ACESORIAS EN TURISMO Y TURISMO EMISIVO",ECOTURISMO/TURISMO DE NATURALEZA,viajestruando1@gmail.com,AURA VIOLETA CASTILLO AYALA,3102480232,Carrera 3 N° 30-41
VIGUA BEBIDA NATURAL,11791445,QUIBDÓ,PRODUCCIÓN Y COMERCIALIZACION VIGUA  Y VINO DE VIGUA,NO MADERABLES,ventasvigua@gmail.com,PEDRO ANTONIO SALAS ZEA,313 635 61 34,Carrera 22 # 13b - 57
